,index,X_1,X_2,X_3,target
0,0.0,0.531419056025571,0.46725138587359966,0.48278505920194426,0
1,0.002004008016032064,0.5640487979690041,0.43850572528298654,0.42952214143783557,0
2,0.004008016032064128,0.5873249476678384,0.518961032132292,0.44848669513837486,0
3,0.0060120240480961915,0.4805399465030746,0.3964628159132623,0.7962115132783488,1
4,0.008016032064128256,0.3098119282231335,0.41964010595799184,0.4302853181469248,2
5,0.01002004008016032,0.5118037969265727,0.32890162135818296,0.6475057169073064,1
6,0.012024048096192383,0.3916213029035296,0.4671511201968635,0.38286748463076986,2
7,0.014028056112224447,0.677480136815062,0.2920400519799173,0.1983624758832726,0
8,0.01603206412825651,0.514192838788342,0.5054236178079399,0.2901461197934906,2
9,0.018036072144288574,0.8479816344488502,0.6028477673963716,0.6508456698149672,1
10,0.02004008016032064,0.32298615058296487,0.6809747368255125,0.3831368533131025,2
11,0.022044088176352703,0.04113815348308081,0.6216877818404355,0.5129083453305538,2
12,0.024048096192384766,0.4097806387941163,0.32030443332335734,0.6801706738399008,1
13,0.026052104208416832,0.5410020026726766,0.3482641398860211,0.6781532418373016,1
14,0.028056112224448895,0.3380384968709663,0.5826176095945583,0.41474733776092826,2
15,0.03006012024048096,0.04358457973602581,0.7530833281203788,0.5114666340953141,2
16,0.03206412825651302,0.6095820699778457,0.8436894847186932,0.6154524037781832,0
17,0.03406813627254509,0.18547785941033496,0.7697652953835652,0.42387261594922954,2
18,0.03607214428857715,0.45488108757651946,0.19142279915122512,0.40983515299196005,2
19,0.038076152304609215,0.6129489161689892,0.4080011869293543,0.8700593240903842,1
20,0.04008016032064128,0.5067344397209501,0.25758624557439935,0.4300494269505762,1
21,0.04208416833667334,0.667877787359276,0.5242015714794417,0.6315491068472667,1
22,0.044088176352705406,0.34771534155226735,0.47494167141817556,0.3924391428060292,2
23,0.04609218436873747,0.6596950601727517,0.40077489905074826,0.2915255668402074,0
24,0.04809619238476953,0.5533818810198599,0.5601992137396519,0.5156031270790307,0
25,0.0501002004008016,0.5436934872603685,0.6537341402211193,0.7607224256919524,1
26,0.052104208416833664,0.2852787615827253,0.4656095381073653,0.4213328734942403,2
27,0.05410821643286573,0.5728994729561199,0.6256611561625192,0.5258436866250484,0
28,0.05611222444889779,0.49622531347183363,0.159650294066852,0.406561023110359,2
29,0.058116232464929855,0.6369995359801973,0.22920611115272022,0.20422351344270717,0
30,0.06012024048096192,0.530341245600739,0.4172365648286274,0.33862428050629423,2
31,0.06212424849699398,0.1650217181507206,0.6421955931916413,0.4453257692165575,2
32,0.06412825651302605,0.2786857634520946,0.49887289845837574,0.40565195976324475,2
33,0.06613226452905811,0.8191509865372313,0.6735180100679448,0.7479959643901185,1
34,0.06813627254509018,0.572981027457525,0.43176565364239183,0.4124592288355303,0
35,0.07014028056112225,0.5695558533428252,0.27597249794981665,0.35452364570699035,2
36,0.0721442885771543,0.37857992807753865,0.4279937918412653,0.38679976879878397,2
37,0.07414829659318636,0.6238787083583197,0.2251089121950634,0.356231866461968,2
38,0.07615230460921843,0.27785112747285645,0.5680640707171318,0.41360237918851606,2
39,0.0781563126252505,0.266583386221242,0.5433843208416324,0.4288885678151048,2
40,0.08016032064128256,0.3758930902013832,0.2671265392850287,0.7004163508858414,1
41,0.08216432865731463,0.5497790549704027,0.3546259407070258,0.39879470434799646,0
42,0.08416833667334668,0.4161547853698279,0.21022689424360114,0.4186168431173643,2
43,0.08617234468937875,0.26294811095015014,0.12884787167832412,0.5571711033277825,1
44,0.08817635270541081,0.6628147470694391,0.35868263611654594,0.25414744420030033,0
45,0.09018036072144288,0.49813797297465245,0.07442612262041515,0.4271138068055377,2
46,0.09218436873747494,0.6131560535659418,0.7009628662052436,0.9973815508311846,1
47,0.09418837675350701,0.6446991778011167,0.3502361145473614,0.2724602974066501,0
48,0.09619238476953906,0.7138394953137502,0.48382821943790366,0.26665352395441905,0
49,0.09819639278557113,0.652862528637763,0.49781605645242644,0.8548885071792348,1
50,0.1002004008016032,0.6451659028758772,0.463511997705382,0.7355639895530665,1
51,0.10220440881763526,0.5249813080581683,0.38506774678462247,0.4326159184396254,0
52,0.10420841683366733,0.5955065910540794,0.49635867395489885,0.8016779468099667,1
53,0.1062124248496994,0.3738953831695392,0.41138419282881333,0.4300457581079712,2
54,0.10821643286573146,0.6454608139231663,0.6010354237119799,0.7512344451069172,1
55,0.11022044088176351,0.6045287383598614,0.2664801142166242,0.2766753052522183,0
56,0.11222444889779558,0.3903159259036292,0.49918236122410375,0.40531571015842227,2
57,0.11422845691382764,0.5974340377268194,0.3944895872572739,0.6177321134342962,1
58,0.11623246492985971,0.2983276565494589,0.6166236369428476,0.3999661063974592,2
59,0.11823647294589178,0.3482362146123431,0.2931203689270106,0.4375883218923702,2
60,0.12024048096192384,0.6374047527192446,0.7672629475859878,0.5496912197616479,0
61,0.1222444889779559,0.6982843768669134,0.592823643449284,0.6934447125554708,1
62,0.12424849699398796,0.49940042905026716,0.23485588715561723,0.5804054608900208,1
63,0.12625250501002003,0.44078019763411674,0.5905360121472109,0.8306430663735049,1
64,0.1282565130260521,0.2791840322617801,0.5897388278630828,0.40862386021640773,2
65,0.13026052104208416,0.6653574226837128,0.589029682438748,0.3861726805743185,0
66,0.13226452905811623,0.7268247311460554,0.7569890204367383,0.8846864913263928,1
67,0.1342685370741483,0.5218665432941202,0.7371013003970394,0.6609733510552859,0
68,0.13627254509018036,0.1991814371043381,0.6948997751359007,0.40651030937950955,2
69,0.13827655310621242,0.3837889471418958,0.5327714086377481,0.35466974577087257,2
70,0.1402805611222445,0.3104923215667179,0.5013108599377245,0.39874182274721903,2
71,0.14228456913827653,0.480976157585999,0.23601575030763866,0.4338036156539599,2
72,0.1442885771543086,0.6509882378379,0.2750859823084415,0.2194411620759883,0
73,0.14629258517034066,0.6809532849781852,0.6061457261551731,0.38138795551653104,0
74,0.14829659318637273,0.5281942999175697,0.5159699028331043,0.5085968226626078,0
75,0.1503006012024048,0.47583177065605065,0.3733427302513234,0.5358806574913967,1
76,0.15230460921843686,0.7357011637913012,0.7193251545122702,0.6260759597162362,1
77,0.15430861723446893,0.5707597438494334,0.4511855595388907,0.42180269122045677,0
78,0.156312625250501,0.7152385233502964,0.40605956650998914,0.625749929695947,1
79,0.15831663326653306,0.5997865793822827,0.3357757588749488,0.4681177553997259,1
80,0.16032064128256512,0.6324723668539085,0.6358742848135855,0.6564494251922229,1
81,0.1623246492985972,0.7354345777602785,0.5323775622995444,0.6403440515906031,1
82,0.16432865731462926,0.6537307407727897,0.5339019631850034,0.6212239053679378,1
83,0.16633266533066132,0.5135931536323377,0.35102480286290544,0.4382172116775282,0
84,0.16833667334669336,0.3278577623366076,0.5238433504663537,0.4075959730704086,2
85,0.17034068136272543,0.5199997546261708,0.37157020647173333,0.43598314031899255,0
86,0.1723446893787575,0.52286536771689,0.5489185627101895,0.3315235135945851,2
87,0.17434869739478956,0.5999052834849697,0.3792993718590331,0.603372896277053,1
88,0.17635270541082163,0.41917256600443686,0.3624653941049146,0.414255405928415,2
89,0.1783567134268537,0.4977581792314195,0.20444471594562946,0.39564150903386536,2
90,0.18036072144288576,0.5869062549207152,0.29244505675974003,0.33177387772972194,2
91,0.18236472945891782,0.3876959986127817,0.5746829627883878,0.3220155949908663,2
92,0.1843687374749499,0.6210988446383954,0.40487345295307287,0.6330752474124227,1
93,0.18637274549098196,0.5197514928927852,0.5281773134315911,0.5363192476750065,0
94,0.18837675350701402,0.2297787095220205,0.4772002857644333,0.4369619575023462,2
95,0.1903807615230461,0.6712387092730487,0.7965348885083554,0.769679147663179,1
96,0.19238476953907813,0.51464201324645,0.16243205813035932,0.3224709426595118,0
97,0.1943887775551102,0.47185139546416355,0.42555961943701404,0.7343264105464016,1
98,0.19639278557114226,0.34060660185824243,0.23559894942614307,0.6500065951471524,1
99,0.19839679358717432,0.4894461379047099,0.5167699588597665,0.5608644181367438,0
100,0.2004008016032064,0.8710722568642097,0.5964158341045191,0.6010413933077597,1
101,0.20240480961923846,0.6231340163516863,0.4214889249990783,0.7399471422946169,1
102,0.20440881763527052,0.4471744456625636,0.5340305364022717,0.6247975768455176,0
103,0.2064128256513026,0.23847589269312205,0.7692090839672463,0.38921772103291075,2
104,0.20841683366733466,0.6223406936419248,0.6714213092079804,0.4956366740203667,0
105,0.21042084168336672,0.4831023651487267,0.44804520031544726,0.3412130037355907,2
106,0.2124248496993988,0.6516442422275129,0.2501184586925153,0.20867254078397995,0
107,0.21442885771543085,0.2684381329109721,0.5353674082533577,0.41454377743269244,2
108,0.21643286573146292,0.1667163654523796,0.5128070815094714,0.47501952320799945,2
109,0.21843687374749496,0.7511654256844059,0.49544796117243595,0.5799277104871607,1
110,0.22044088176352702,0.33594319159587493,0.4628544690275962,0.41875269635819345,2
111,0.2224448897795591,0.5530362923537009,0.44997232159209155,0.7083303512674106,1
112,0.22444889779559116,0.5642259415969226,0.5749317190173202,0.51203108153771,0
113,0.22645290581162322,0.5995016092941994,0.43013971597810563,0.5629920932165988,1
114,0.2284569138276553,0.620045298228792,0.3720850937279427,0.31572748868805356,0
115,0.23046092184368736,0.679195616094598,0.5897510551414409,0.3781714244111186,0
116,0.23246492985971942,0.4039349895192996,0.5285198494296568,0.37201454148744995,2
117,0.2344689378757515,0.15520041481517705,0.5650321130198082,0.47161513284257645,2
118,0.23647294589178355,0.2534817296379094,0.7204399613459445,0.37487682241249715,2
119,0.23847695390781562,0.8199794981111157,0.5467675425859065,0.6985579659356965,1
120,0.24048096192384769,0.5895111353063257,0.5637628892952237,0.46732419156855065,0
121,0.24248496993987975,0.5374909135585961,0.6986287855042914,0.61451549450949,0
122,0.2444889779559118,0.5763235660211079,0.19230852699621553,0.26877810244467354,0
123,0.24649298597194386,0.4861920265251584,0.4922899772035263,0.5445451243644823,0
124,0.24849699398797592,0.48080386970531225,0.32943033661146587,0.39984578100465706,2
125,0.250501002004008,0.5628709695787498,0.3795071908473744,0.7207766133146212,1
126,0.25250501002004005,0.7382501696465895,0.613902657939608,0.639060533825602,1
127,0.2545090180360721,0.6318286435388091,0.3113438486369999,0.538458298647213,1
128,0.2565130260521042,0.8486714529531034,0.6098000261615745,0.6645444072933564,1
129,0.25851703406813625,0.5482617621737741,0.5769205244036615,0.5319248397398205,0
130,0.2605210420841683,0.5524847655019426,0.26375208643184306,0.3570286492719836,2
131,0.2625250501002004,0.6276348481304362,0.39728589022422023,0.5122069950950136,1
132,0.26452905811623245,0.22055350672972623,0.6039826857279071,0.4249797572734023,0
133,0.2665330661322645,0.5934861359398814,0.5385750833003432,0.9399956388298061,1
134,0.2685370741482966,0.23046416054160052,0.6388694783057707,0.4141970025734928,2
135,0.27054108216432865,0.5445097253040563,0.17568454174627196,0.2932751357309602,0
136,0.2725450901803607,0.3921925717991107,0.4157540488741206,0.4149068921659969,2
137,0.2745490981963928,0.5334733343310323,0.33485920744249514,0.5333082420466652,1
138,0.27655310621242485,0.6659633281758,0.09913847588891067,0.361016279669942,2
139,0.2785571142284569,0.542295628914213,0.7080406809108195,0.611498425204191,0
140,0.280561122244489,0.8420831792312669,0.43793269733301976,0.09163957218212065,0
141,0.282565130260521,0.17464293474949544,0.5765009248622868,0.46665138913332194,2
142,0.28456913827655306,0.37640148629923686,0.47436977245674283,0.39195679850197485,2
143,0.2865731462925851,0.3875723318511294,0.33593565622890414,0.4402117027529695,2
144,0.2885771543086172,0.3705796624750575,0.0660945744782504,0.5581225921036942,1
145,0.29058116232464926,0.35042554472486864,0.592561583117297,0.35183822846513246,2
146,0.2925851703406813,0.5184630541164386,0.5659847417807587,0.5550290570658662,0
147,0.2945891783567134,0.02968456081518106,0.9005257308031167,0.46939594798220663,2
148,0.29659318637274545,0.5822193004579349,0.3647003172938115,0.35900041657942794,0
149,0.2985971943887775,0.16301929500832807,0.6781947101547244,0.4395692711060891,2
150,0.3006012024048096,0.30359908422088866,0.6589014853712286,0.34606688087289394,2
151,0.30260521042084165,0.5209361722176327,0.42460596252922256,0.32554417271318886,2
152,0.3046092184368737,0.5946715342090377,0.49809075031029193,0.5971811645823522,1
153,0.3066132264529058,0.281681790651668,0.4199835398700534,0.40273867853300394,2
154,0.30861723446893785,0.8504573647111213,0.8302514875652902,0.7927171466294256,1
155,0.3106212424849699,0.5185282330118507,0.43630714339615373,0.7354689670761676,1
156,0.312625250501002,0.5084937364648673,0.680388637043992,0.6425881060371318,0
157,0.31462925851703405,0.6432390563419577,0.5879729232134833,0.4176952493284033,0
158,0.3166332665330661,0.5848482371459693,0.4650838293788964,0.566579046073406,1
159,0.3186372745490982,0.5676079415422491,0.5549872306010061,0.49332607387476707,0
160,0.32064128256513025,0.34418655824153904,0.3588257560914651,0.45605586645530555,2
161,0.3226452905811623,0.4530679872289681,0.38008616106376664,0.3775909257856247,2
162,0.3246492985971944,0.41103475417516333,0.2697084322685674,0.6771325324103117,1
163,0.32665330661322645,0.9999999999999998,0.8543918145024615,0.8249801308116445,1
164,0.3286573146292585,0.7868600929229581,0.5835568293378001,0.5121479283851387,1
165,0.3306613226452906,0.16928472074231166,0.7059074871694043,0.4557510797943667,2
166,0.33266533066132264,0.7666038438464937,0.5792645805176199,0.25836232435089446,0
167,0.33466933867735466,0.7814651994974497,0.46289334205854027,0.17477201995209002,0
168,0.3366733466933867,0.5515554349514651,0.3644887507402715,0.33529609395535936,2
169,0.3386773547094188,0.5799263242156972,0.5390465076030954,0.7215383324142565,1
170,0.34068136272545085,0.7395059683007834,0.7626607693233045,0.406967880397402,0
171,0.3426853707414829,0.3279836062552467,0.555409551763632,0.38822900361541834,2
172,0.344689378757515,0.5402433494464584,0.578181294068794,0.5359219780244066,0
173,0.34669338677354705,0.637947800423925,0.33177608173360595,0.27132889918385583,0
174,0.3486973947895791,0.7749374373582919,0.5578418007636636,0.6259685508237656,1
175,0.3507014028056112,0.2610253742524218,0.6193485632386906,0.4438513319484847,2
176,0.35270541082164325,0.5702538797773062,0.631229480216722,0.5309265394262073,0
177,0.3547094188376753,0.5346223991354836,0.26713558506946056,0.6292662674513873,1
178,0.3567134268537074,0.20391249348357615,0.533052288610159,0.4495992924962168,2
179,0.35871743486973945,0.6297116643360594,0.6422404222747039,0.6807582281036688,1
180,0.3607214428857715,0.4650251016952166,0.3097156267685467,0.4858340144771986,1
181,0.3627254509018036,0.478417793268128,0.37853779545578253,0.7185205254087887,1
182,0.36472945891783565,0.5705380338221182,0.18325466340687652,0.26470487465518666,0
183,0.3667334669338677,0.4857090621171664,0.46952719337660664,0.7987777680218856,1
184,0.3687374749498998,0.5554829382449598,0.6670668706339139,0.579262247914332,0
185,0.37074148296593185,0.5161825181323304,0.5227690501812152,0.7618643651451057,1
186,0.3727454909819639,0.734873786944249,0.6520265608736814,0.7550197271399927,1
187,0.374749498997996,0.27457612530010544,0.7092794788455961,0.3383792575513208,2
188,0.37675350701402804,0.3068058657192409,0.4314172962014041,0.40585805766686855,2
189,0.3787575150300601,0.4713807792627424,0.387674515554032,0.5526590241684609,1
190,0.3807615230460922,0.6811909529620332,0.6101220648995771,0.8985111197288775,1
191,0.38276553106212424,0.5299285942537094,0.11422695815984596,0.4328157644983436,2
192,0.38476953907815625,0.8082962976914705,0.5294507831048167,0.5955098892141687,1
193,0.3867735470941883,0.6817572419007563,0.515215359108481,0.6186702336906063,1
194,0.3887775551102204,0.21017321840871067,0.7201794958995201,0.42923386862972035,2
195,0.39078156312625245,0.7569222385954548,0.7510132969487573,0.8798412564408484,1
196,0.3927855711422845,0.44542866263004616,0.35026645724554956,0.40263167566920666,2
197,0.3947895791583166,0.675181603800424,0.6676527718243644,0.7876264946522986,1
198,0.39679358717434865,0.4049802982441081,0.3173776935132742,0.4128552413445279,2
199,0.3987975951903807,0.26337384354505533,0.5815950651408026,0.4389727628526155,2
200,0.4008016032064128,0.5617735695123872,0.4376721116195291,0.42665635247475436,0
201,0.40280561122244485,0.685502357255154,0.3884262479563787,0.244198687609594,0
202,0.4048096192384769,0.5953690855068088,0.30518611277055563,0.30025694215295395,0
203,0.406813627254509,0.6305195341924531,0.4078611898621878,0.31984691843351054,0
204,0.40881763527054105,0.5945962263143586,0.3218887766005621,0.31505965882076786,0
205,0.4108216432865731,0.5983942259375246,0.455993016397253,0.7074873860919169,1
206,0.4128256513026052,0.6652429408354299,0.5797772120401922,0.7320362602254193,1
207,0.41482965931863724,0.3036647665208362,0.3751473908825735,0.45547023212912663,2
208,0.4168336673346693,0.37931500743981994,0.5988798226814431,0.7416234085277358,0
209,0.4188376753507014,0.6566624139587598,0.5143035465514493,0.3609809281086179,0
210,0.42084168336673344,0.6246505360281535,0.3674155712664976,0.683900198112026,1
211,0.4228456913827655,0.40565055385270743,0.5383976770636929,0.3697818448024217,2
212,0.4248496993987976,0.17807711881892252,0.540385811224125,0.4684950930759321,2
213,0.42685370741482964,0.42521149858461754,0.5253711693940502,0.33129783906107874,2
214,0.4288577154308617,0.4281631740194429,0.426188985591408,0.5911316805959332,0
215,0.4308617234468938,0.7378224210212863,0.08989619015440731,0.0,0
216,0.43286573146292584,0.4429150096198652,0.4085240344953499,0.38010162028915817,2
217,0.4348697394789579,0.4287053502454703,0.3543551951393528,0.3963574491972386,2
218,0.4368737474949899,0.5577806195603444,0.10905619307093295,0.2348155290413071,0
219,0.438877755511022,0.6114475247128675,0.4736327184279157,0.755865909920108,1
220,0.44088176352705405,0.7777082109682059,0.7833886858839458,1.0,1
221,0.4428857715430861,0.5337926846374781,0.42003917508760846,0.7907117754110939,1
222,0.4448897795591182,0.4876716989434883,0.23872008132923822,0.593914580727738,1
223,0.44689378757515025,0.15925846662409526,0.7502074060899943,0.42558597914364904,2
224,0.4488977955911823,0.6724034145235783,0.61554340075614,0.7861190211106022,1
225,0.4509018036072144,0.7207568680812223,0.7358233712845346,0.4200828801095155,0
226,0.45290581162324645,0.6420035816827138,0.37845085145236856,0.2945018828541761,0
227,0.4549098196392785,0.7320586813441157,0.5397218537182756,0.5537603066925677,1
228,0.4569138276553106,0.4822833491854243,0.4144310999108296,0.7080689236964866,1
229,0.45891783567134264,0.6071443707126589,0.5311091834723808,0.43020915741989774,0
230,0.4609218436873747,0.41534132623271813,0.41196001146038375,0.3815344054056058,2
231,0.4629258517034068,0.706123622058319,0.6017979611584193,0.35152740456510895,0
232,0.46492985971943884,0.7036571107094469,0.7872845441531278,0.47133885172769036,0
233,0.4669338677354709,0.5612683330735705,0.5651124865149385,0.5091595160299598,0
234,0.468937875751503,0.5609545132919674,0.5074939403017803,0.4768228664591747,0
235,0.47094188376753504,0.5368941162412839,0.22643325490814914,0.37194322342155695,2
236,0.4729458917835671,0.5801867621261856,0.26197471853282983,0.5960284167961496,1
237,0.4749498997995992,0.42775711510581704,0.3982019023484499,0.3506209787336588,2
238,0.47695390781563124,0.5894257787937575,0.5884850073416327,0.4839704245027519,0
239,0.4789579158316633,0.4577605656684495,0.43853643048647495,0.37217926827649467,2
240,0.48096192384769537,0.3601886496932599,0.4572121549662387,0.3685482434005858,2
241,0.48296593186372744,0.4616887036550588,0.4002162952697237,0.6959143910266924,1
242,0.4849699398797595,0.453455350718906,0.5352502489870621,0.7492346334912308,1
243,0.48697394789579157,0.6975166364645909,0.3368979528701613,0.19571517811807604,0
244,0.4889779559118236,0.31691433582410944,0.6302597736748892,0.4050590555600118,2
245,0.49098196392785565,0.3513070018514446,0.4265805843801891,0.42974469607392535,2
246,0.4929859719438877,0.6130415042308062,1.0,0.7065151413064138,0
247,0.4949899799599198,0.3521356120998138,0.5777683452829582,0.3302407501396098,2
248,0.49699398797595185,0.6887080785933943,0.5350952853848275,0.7961139231354961,1
249,0.4989979959919839,0.6876705997109769,0.5887676505170728,0.6375643946861743,1
250,0.501002004008016,0.20373512980041075,0.5520395266606443,0.5012975516949181,2
251,0.503006012024048,0.6532502797174745,0.29489344599233097,0.22700088932268875,0
252,0.5050100200400801,0.11161232450426634,0.6578231504706146,0.45343082730169865,2
253,0.5070140280561122,0.6741284774944207,0.042009514589244956,0.046065582992649956,0
254,0.5090180360721442,0.5751971556511016,0.46685911569184435,0.42217943018014875,0
255,0.5110220440881763,0.5511226949775997,0.34569080044651895,0.3890219775784194,0
256,0.5130260521042084,0.3955778552723086,0.28020998889461723,0.4406366057226806,2
257,0.5150300601202404,0.9638050959377893,0.7053706072737248,0.49898656064471947,1
258,0.5170340681362725,0.8490991750815586,0.6546366477588681,0.6975353812197751,1
259,0.5190380761523046,0.8821266299099539,0.7734237395204587,0.7293539696869575,1
260,0.5210420841683366,0.23098468908090636,0.6383991845899114,0.44655177672865676,2
261,0.5230460921843687,0.3477060745867865,0.49863311956831957,0.38966128493887375,2
262,0.5250501002004008,0.43505440760792874,0.5600929511315368,0.9600321899533399,1
263,0.5270541082164328,0.6060926396063365,0.4779710740629235,0.6735913020704368,1
264,0.5290581162324649,0.6331748938634792,0.6692409831015612,0.9411077896003345,1
265,0.531062124248497,0.4514345894610853,0.39640935631394036,0.3346411880971407,2
266,0.533066132264529,0.5851397190344397,0.539362109417259,0.4552299720157483,0
267,0.5350701402805611,0.6112203535792194,0.6126748426430532,0.47306903781197707,0
268,0.5370741482965932,0.6297340128622306,0.4885927232940033,0.5620141591457871,1
269,0.5390781563126252,0.4720655786971149,0.36678757072226215,0.5675024801285444,1
270,0.5410821643286573,0.270168467736169,0.2661821314206019,0.5236225169448205,2
271,0.5430861723446894,0.21381611857712002,0.6064841794175062,0.45884922204096873,2
272,0.5450901803607214,0.5439592114758266,0.5180956572723876,0.5019852586796769,0
273,0.5470941883767535,0.37474749683150244,0.6006003151863812,0.3865561599704661,2
274,0.5490981963927856,0.48776572860854195,0.6585301642430699,0.6558227523777334,0
275,0.5511022044088176,0.3192652099137573,0.642353445429134,0.3880701146419228,2
276,0.5531062124248497,0.6019061248375905,0.8587916754483598,0.6373648285664237,0
277,0.5551102204408818,0.27464370957904116,0.23406788461355332,0.4963524531422986,2
278,0.5571142284569138,0.6465788595996191,0.38106262214197595,0.2899367344105701,0
279,0.5591182364729459,0.6037474968273984,0.17909540461866102,0.22681733953500643,0
280,0.561122244488978,0.6658156332599627,0.7680412159689388,0.49334706119850036,0
281,0.56312625250501,0.43206843928472843,0.5086934013460434,0.6369420856191055,0
282,0.565130260521042,0.6140530846975921,0.6057525865184566,0.8381388077056113,1
283,0.567134268537074,0.5872661064203273,0.8887385168351984,0.6703763011006401,0
284,0.5691382765531061,0.7769889945966916,0.4841556519949505,0.5033067271273095,1
285,0.5711422845691382,0.23890949748054943,0.819083171079413,0.3710178183939479,2
286,0.5731462925851702,0.5835186688792529,0.5601725571073467,0.4730149565599827,0
287,0.5751503006012023,0.5481521266258165,0.5719256864781727,0.8456466800946827,1
288,0.5771543086172344,0.2410656054589097,0.7044091665547788,0.3829924866017677,2
289,0.5791583166332664,0.5721599377218318,0.4485239869795411,0.671277416947519,1
290,0.5811623246492985,0.5984598312154548,0.7025204821390055,0.5435956913907386,0
291,0.5831663326653306,0.636285234751792,0.45598226643750944,0.35008726542976554,0
292,0.5851703406813626,0.1548875768906232,0.566793757172897,0.5172926760519582,2
293,0.5871743486973947,0.35348652685301013,0.473706797709915,0.4123871743179278,2
294,0.5891783567134268,0.17355186783998328,0.6776904237659477,0.44009429895549934,2
295,0.5911823647294588,0.6985928382535868,0.5662776903388635,0.605076244713101,1
296,0.5931863727454909,0.23753825642475987,0.4917205127212508,0.42241653380619426,2
297,0.595190380761523,0.6051070585272539,0.32450726734604846,0.3054301405169133,0
298,0.597194388777555,0.3002703731475105,0.4975499676789852,0.4444285294619309,2
299,0.5991983967935871,0.22072980921872692,0.6922631289072071,0.39120452838902775,2
300,0.6012024048096192,0.5734231729043215,0.6934141811198414,0.5789025612168692,0
301,0.6032064128256512,0.6827731036893789,0.5525636720494652,0.7524526273970726,1
302,0.6052104208416833,0.3330070737888269,0.5737031679569399,0.38296411181451884,2
303,0.6072144288577154,0.2743348345986192,0.5102956215943012,0.42464644182746786,2
304,0.6092184368737474,0.20914139295247647,0.6655420099376611,0.41705862030778146,2
305,0.6112224448897795,0.3855453534674739,0.6703168001653175,0.31675457134050183,2
306,0.6132264529058116,0.6357741598846105,0.45021974292924644,0.4508257304610849,1
307,0.6152304609218436,0.503143229736987,0.3919929018666953,0.60693822033083,1
308,0.6172344689378757,0.6112043505773037,0.4444360581215889,0.3646278743648015,0
309,0.6192384769539078,0.522715476055546,0.3579889100322348,0.4218604858337075,0
310,0.6212424849699398,0.6994260029260344,0.5973429918374914,0.35573187024409725,0
311,0.6232464929859719,0.6084682980197448,0.2637448657073084,0.2638357573144755,0
312,0.625250501002004,0.25933314802828855,0.546955445557076,0.39819600817910406,2
313,0.627254509018036,0.7887592763842812,0.507409815503248,0.19160615035332768,0
314,0.6292585170340681,0.4412383963840184,0.40026650840504163,0.5525010910266802,0
315,0.6312625250501002,0.6372978619702231,0.5002424491641086,0.37317729551410417,0
316,0.6332665330661322,0.06520359030143624,0.7063515223386365,0.5049209801216669,2
317,0.6352705410821643,0.25786982734387254,0.6872051714425901,0.3925111959579874,2
318,0.6372745490981964,0.560188794594046,0.329119016987931,0.35980175301456196,0
319,0.6392785571142284,0.3539360105623671,0.4075524572712256,0.4259468556142534,2
320,0.6412825651302605,0.6529345945937357,0.5165459220897112,0.7221198507478874,1
321,0.6432865731462926,0.7969348759986552,0.7671621745668149,0.8020207108231403,1
322,0.6452905811623246,0.43764781605585834,0.2027704923980021,0.583900779204165,1
323,0.6472945891783567,0.6075926772404525,0.6912813644765053,0.9029619566738809,1
324,0.6492985971943888,0.6761582374311993,0.5823583444516378,0.3807583016268846,0
325,0.6513026052104208,0.4088138420486407,0.2296197329695197,0.6076380578117463,1
326,0.6533066132264529,0.5788889729647969,0.5196618731502671,0.45917492392790704,0
327,0.655310621242485,0.7926027770567516,0.6094935719141713,0.6308864931519709,1
328,0.657314629258517,0.8108808727139373,0.5815880726802104,0.6369530109018902,1
329,0.6593186372745491,0.3298196131244928,0.5198527148031754,0.3886213115599715,2
330,0.6613226452905812,0.49004552957281944,0.4796011400911071,0.5457723005948836,0
331,0.6633266533066132,0.5199835611642754,0.3942520873629569,0.696996853758376,1
332,0.6653306613226453,0.6774324391410634,0.5823116204075055,0.6625498064918887,1
333,0.6673346693386772,0.5478350350154872,0.5757105316342387,0.526853026973429,0
334,0.6693386773547093,0.7484510897846713,0.4490338021423642,0.20418912581075438,0
335,0.6713426853707414,0.6868187609438292,0.6557354659760232,0.4134815722371059,0
336,0.6733466933867734,0.701255689366674,0.3409348561799592,0.2010016056283585,0
337,0.6753507014028055,0.797781488085141,0.8484386813328777,0.6972384375716371,1
338,0.6773547094188376,0.5090120174733825,0.40438342941204913,0.7274722199498775,1
339,0.6793587174348696,0.2825951969460738,0.528836633213484,0.4245332614404972,2
340,0.6813627254509017,0.714331533799941,0.5159151039898362,0.28710411332879565,0
341,0.6833667334669338,0.40373913187564237,0.4747902712865637,0.3877383718809174,2
342,0.6853707414829658,0.3635532802580792,0.35027410627709665,0.40969925213856473,2
343,0.6873747494989979,0.50346057404995,0.16144798148682593,0.4720178156940263,1
344,0.68937875751503,0.3028218266579399,0.4967894687018618,0.41353544446309437,2
345,0.691382765531062,0.6635101773849297,0.5845394461629184,0.3983158876387676,0
346,0.6933867735470941,0.49850165920704015,0.588098919348591,0.733137178579453,1
347,0.6953907815631262,0.49837246914526784,0.6072971664606449,0.6150375228768805,0
348,0.6973947895791582,0.7947751800991039,0.46325257082849103,0.15113232372465835,0
349,0.6993987975951903,0.5021102708052657,0.5186635028352742,0.5515430553694791,0
350,0.7014028056112224,0.4983567355990046,0.6638549365996201,0.6408781340701223,0
351,0.7034068136272544,0.5484999343019432,0.3597089833334049,0.40246172176944517,0
352,0.7054108216432865,0.42766367273630457,0.39296165949207373,0.5722671375439349,0
353,0.7074148296593186,0.5742589053420223,0.5122821008916106,0.46126620229473775,0
354,0.7094188376753506,0.5141675820463157,0.40124180173044205,0.464471501042466,0
355,0.7114228456913827,0.26471772841088714,0.5442049952097153,0.43220148485396764,2
356,0.7134268537074148,0.4201199781001613,0.4813695130594522,0.35277516110549234,2
357,0.7154308617234468,0.2025296439711184,0.6883991638561425,0.4454353619022401,2
358,0.7174348697394789,0.688600877513031,0.5551571698178022,0.716651371119509,1
359,0.719438877755511,0.5851445258151932,0.44216913494377363,0.40053337378841297,0
360,0.721442885771543,0.4824017362351035,0.4807260510524568,0.313945320860908,2
361,0.7234468937875751,0.16757474777942688,0.6319906261934665,0.447178788848249,2
362,0.7254509018036072,0.4817644716009097,0.2454613929850088,0.41252211613632284,2
363,0.7274549098196392,0.35484203656631663,0.3503033159244518,0.43746128572770254,2
364,0.7294589178356713,0.5044069248483276,0.4519904854625163,0.5668182697146634,1
365,0.7314629258517034,0.6968394327557099,0.5479028267243997,0.6997881749291215,1
366,0.7334669338677354,0.6426257865544067,0.6213327876748076,0.4456243475060858,0
367,0.7354709418837675,0.6719344673636275,0.5661530090046685,0.37618817471721666,0
368,0.7374749498997996,0.26351579750648213,0.2042167051771161,0.6302414025960729,1
369,0.7394789579158316,0.4776509394878534,0.42814205109827963,0.3519728758885844,2
370,0.7414829659318637,0.31857908188190176,0.3118889334310345,0.4455735805836532,2
371,0.7434869739478958,0.4313463882751402,0.337977552957958,0.400413924723957,2
372,0.7454909819639278,0.6740523599037833,0.5059495699666483,0.7664665394784227,1
373,0.7474949899799599,0.48479676984846987,0.6456124716598376,0.6423074652796982,0
374,0.749498997995992,0.8324645062874672,0.5414263343962926,0.6279749654283961,1
375,0.751503006012024,0.5383443445260347,0.28624757349766866,0.371115943454172,0
376,0.7535070140280561,0.39853466771617535,0.3310407993873128,0.5086516159156199,1
377,0.7555110220440882,0.6977636853687414,0.662172772670506,0.39752100472545326,0
378,0.7575150300601202,0.8181623077425019,0.7266831229347215,0.7029418980416271,1
379,0.7595190380761523,0.7031677012827201,0.7001666284158888,0.41661429199474387,0
380,0.7615230460921844,0.5647748732042885,0.1217383646901834,0.404466806895994,2
381,0.7635270541082164,0.5208951327287319,0.28700453149298716,0.38988259869439523,0
382,0.7655310621242485,0.6316872478229211,0.7480114971855373,0.5380444052770476,0
383,0.7675350701402806,0.6090417244670157,0.44101690188695414,0.3715579394242907,0
384,0.7695390781563125,0.5661927273642849,0.5113333515839912,0.8148828676669873,1
385,0.7715430861723446,0.5420228719115966,0.5443084250972609,0.5165294009260603,0
386,0.7735470941883766,0.7516226414318158,0.694072688584764,0.3519776058445988,0
387,0.7755511022044087,0.5246623207426996,0.5181350129662532,0.5209268490207597,0
388,0.7775551102204408,0.6896259545516519,0.4020080781918504,0.2478172218164688,0
389,0.7795591182364728,0.6709066632233636,0.6177349824647296,0.6930842844134939,1
390,0.7815631262525049,0.5387174532545971,0.527256049766082,0.51108725514684,0
391,0.783567134268537,0.36294251696222035,0.06553604159525939,0.5515542107973121,1
392,0.785571142284569,0.540540678506743,0.6295048048184838,0.7971586218696364,1
393,0.7875751503006011,0.2665061401068103,0.6229128110747827,0.39721741651010334,2
394,0.7895791583166332,0.6573716334907485,0.6209762424553412,0.4243459058908126,0
395,0.7915831663326652,0.41350887535227127,0.40711473467911363,0.38369630175588204,2
396,0.7935871743486973,0.6527890065554598,0.5591037245042851,0.7185865990330366,1
397,0.7955911823647294,0.14246902164369424,0.11599701114666794,0.7084383285199807,1
398,0.7975951903807614,0.5918470709076601,0.4909797169777058,0.4252631942936622,0
399,0.7995991983967935,0.6191801501504092,0.340397985312278,0.4897418973268723,1
400,0.8016032064128256,0.3761644868092213,0.43404520404638014,0.4216098022959407,2
401,0.8036072144288576,0.7344706720997062,0.36612903987698275,0.17652889437357,0
402,0.8056112224448897,0.5829081280031108,0.6340966772877983,0.5151576464196977,0
403,0.8076152304609218,0.4936610139473217,0.4259873832386133,0.6861102384084768,1
404,0.8096192384769538,0.46452143567081905,0.19495565599153286,0.67042395065186,1
405,0.8116232464929859,0.9961433865143543,0.8464105877492968,0.7795494697178817,1
406,0.813627254509018,0.5827401462407713,0.5636644472513556,0.6704970278472717,1
407,0.81563126252505,0.5719240346718748,0.5213604540223281,0.4611669855494162,0
408,0.8176352705410821,0.5241627422994024,0.35035090319136675,0.7431353382243769,1
409,0.8196392785571142,0.537710541677345,0.389182972954898,0.6783756743106757,1
410,0.8216432865731462,0.45964187580081534,0.24723996385029956,0.38507639240225594,2
411,0.8236472945891783,0.5346495204500754,0.5777373036378352,0.5494281163382128,0
412,0.8256513026052104,0.3367248970507659,0.6001061845768696,0.36155929327957936,2
413,0.8276553106212424,0.7349822391161122,0.6520001347678436,0.7681497113275559,1
414,0.8296593186372745,0.6893296920509852,0.6638750651744495,0.6652760046764901,1
415,0.8316633266533066,0.219107066206009,0.7708421232442828,0.40963143129336865,2
416,0.8336673346693386,0.7107361303149098,0.5426424196132544,0.30985039442774254,0
417,0.8356713426853707,0.5590245439936493,0.4407961543430587,0.43182494985036357,0
418,0.8376753507014028,0.5213128862960711,0.47241794565323736,0.644586267038848,1
419,0.8396793587174348,0.7382265771130304,0.3839280927335475,0.6243707023058604,1
420,0.8416833667334669,0.6962292527815392,0.721006443774088,0.7039525003281877,1
421,0.843687374749499,0.6674788423750796,0.4753637776337071,0.3225159960190591,0
422,0.845691382765531,0.36425493765225425,0.27834433888823296,0.4300732148776312,1
423,0.8476953907815631,0.4955882546788485,0.45453891890998444,0.7569686038084388,1
424,0.8496993987975952,0.583253476335015,0.4844132455894168,0.8976674529485523,1
425,0.8517034068136272,0.5700381364474411,0.5699585273956609,0.5009294122360932,0
426,0.8537074148296593,0.29850191744838095,0.6518160539246043,0.3871589967651293,2
427,0.8557114228456913,0.24208769698729957,0.554014600161934,0.43557902825246775,2
428,0.8577154308617234,0.1365893554624561,0.7145361739314107,0.4473526549375013,2
429,0.8597194388777555,0.8908416967529034,0.8278274194242462,0.8569727250527268,1
430,0.8617234468937875,0.37259131848767607,0.6413660229219913,0.3259415584788259,2
431,0.8637274549098196,0.40292778755052966,0.5308776591257928,0.3475396779906317,2
432,0.8657314629258517,0.03227586549934214,0.6602597642968765,0.5305781408487633,2
433,0.8677354709418837,0.4930396977948259,0.14160831650897376,0.4206481097263815,2
434,0.8697394789579158,0.5293430014652435,0.35184923593153544,0.42035201170075887,0
435,0.8717434869739479,0.8638123086507754,0.8117248344676151,0.8441096841782929,0
436,0.8737474949899798,0.6230180263959251,0.5295322472344676,0.7068782155834213,0
437,0.8757515030060119,0.7171716637164705,0.47914347930887846,0.2563155593981954,0
438,0.877755511022044,0.6106017943974501,0.6228831424239897,0.48547733869128473,0
439,0.879759519038076,0.3310849187258499,0.290205699630341,0.4717565430158045,2
440,0.8817635270541081,0.5709907550222245,0.3299555023355027,0.34584567817308687,2
441,0.8837675350701402,0.739141329208463,0.7334575926169731,0.7849218778840186,1
442,0.8857715430861722,0.6205330913557248,0.5476090463757383,0.7191022291238007,1
443,0.8877755511022043,0.7248114046133175,0.7307079369336755,0.7392431780787425,1
444,0.8897795591182364,0.26348334891106995,0.5204470463559452,0.4237058481752626,2
445,0.8917835671342684,0.581659458064129,0.573285642847143,0.48444245932300845,0
446,0.8937875751503005,0.5506686836895112,0.6480321476340778,0.57517218800015,0
447,0.8957915831663326,0.5871345364228252,0.4191559324946482,0.6009937446158515,1
448,0.8977955911823646,0.2007170281534688,0.6863319024879031,0.43948360059174657,2
449,0.8997995991983967,0.4463971106270553,0.33966910579585813,0.7431917591905834,1
450,0.9018036072144288,0.5303910465800149,0.3565685392695117,0.5630440578142679,1
451,0.9038076152304608,0.49149735429952585,0.41430704691889325,0.5396556116995759,1
452,0.9058116232464929,0.34247885400145733,0.31525410238445006,0.7598792680154007,1
453,0.907815631262525,0.5487964333182083,0.403805294445668,0.6972479780436169,1
454,0.909819639278557,0.24801440399433805,0.6478950434903239,0.3631227016897454,2
455,0.9118236472945891,0.281034719093766,0.6696250800062312,0.37780355795652887,2
456,0.9138276553106212,0.2942696917600698,0.5902742977447452,0.4107191876191535,2
457,0.9158316633266532,0.7706669181081587,0.5918177259433631,0.8495007821582767,1
458,0.9178356713426853,0.3316847367211255,0.5215536254058629,0.4033277094049391,2
459,0.9198396793587174,0.43737110612235774,0.3723971783113472,0.34089806081519525,2
460,0.9218436873747494,0.6392929423570382,0.46264898666091653,0.34298142436549484,0
461,0.9238476953907815,0.5763708248936441,0.5977143558466472,0.5077528833648449,0
462,0.9258517034068136,0.534303281074423,0.34899649540382327,0.612798551757535,1
463,0.9278557114228456,0.5592215043547714,0.6484609288250143,0.8014383235775158,1
464,0.9298597194388777,0.5586908067886897,0.5183756530685499,0.8111378295450888,1
465,0.9318637274549098,0.22506527955828187,0.7521081231983844,0.4497043671382325,2
466,0.9338677354709418,0.25291505055509594,0.6521585100298459,0.42408760769169385,2
467,0.9358717434869739,0.6379478070852248,0.6731000233236615,0.7349262004741627,1
468,0.937875751503006,0.51602331565793,0.2609730316488741,0.6404026955469851,1
469,0.939879759519038,0.4903549076572479,0.573603984706213,0.6023444435939289,0
470,0.9418837675350701,0.47806007941753353,0.2713003273177282,0.679226765504394,1
471,0.9438877755511021,0.63276768500781,0.48972619721409916,0.3719550052749667,0
472,0.9458917835671342,0.0,0.955948746941681,0.4490164202455926,2
473,0.9478957915831663,0.1346006799648798,0.614968154928972,0.44515896525580867,2
474,0.9498997995991983,0.5164743397956651,0.46087895835028764,0.5014922910755829,0
475,0.9519038076152304,0.6661703698050732,0.4377954910243758,0.3063146883196481,0
476,0.9539078156312625,0.45133727831714027,0.44277954681450815,0.5604269551054203,0
477,0.9559118236472945,0.4624834410433642,0.4212478370292816,0.5424522036992224,0
478,0.9579158316633266,0.10062301075939145,0.7630799161346677,0.48214984587794363,2
479,0.9599198396793587,0.6420758752391162,0.5316568249049408,0.37977621797831385,0
480,0.9619238476953907,0.6410769288369025,0.45778196543790695,0.632410905142673,1
481,0.9639278557114228,0.41651183329493346,0.2788017930285696,0.3981900000649872,2
482,0.9659318637274549,0.5756650862717927,0.6833151120044221,0.5574409951568743,0
483,0.9679358717434869,0.30549402478632554,0.5193313081790325,0.39898342102051465,2
484,0.969939879759519,0.41122741766248033,0.38123236705559427,0.38039813362079544,2
485,0.9719438877755511,0.21485905408822048,0.7485033085456484,0.389264802541513,2
486,0.9739478957915831,0.5688360882974192,0.4187707847949934,0.40378560324214063,0
487,0.9759519038076151,0.32776779739035844,0.13448340063809638,0.4555786292895216,1
488,0.9779559118236472,0.6918513874915377,0.246210272825426,0.15638476728257017,0
489,0.9799599198396792,0.48080095667478606,0.5639740632704067,0.6032419295848372,0
490,0.9819639278557113,0.8091889657907099,0.7315405739503088,0.6430617183737802,1
491,0.9839679358717434,0.3343931434741395,0.0,0.34042368146190294,1
492,0.9859719438877754,0.5512321172248583,0.4146854408862445,0.6108793605980689,1
493,0.9879759519038075,0.6231834514076232,0.24177299111055395,0.32217359179258737,2
494,0.9899799599198396,0.6704432632813211,0.42449117961366184,0.2873663808346761,0
495,0.9919839679358716,0.5301251370414167,0.5632123327835984,0.5438110858828141,0
496,0.9939879759519037,0.5015191643718627,0.527383236135412,0.5563845793067683,0
497,0.9959919839679358,0.5146890655340948,0.7507714318540875,0.6694901513863034,0
498,0.9979959919839678,0.5082226399061737,0.5298658010788455,0.29440887917715974,2
499,0.9999999999999999,0.5286436400318136,0.6198852761487096,0.5844195424507787,0
